                  epoch,         train/box_loss,         train/cls_loss,         train/dfl_loss,   metrics/precision(B),      metrics/recall(B),       metrics/mAP50(B),    metrics/mAP50-95(B),           val/box_loss,           val/cls_loss,           val/dfl_loss,                 lr/pg0,                 lr/pg1,                 lr/pg2
                      1,                 1.8528,                 2.3948,                 1.0386,                0.30268,                0.17459,                0.13266,                0.06979,                 1.6805,                 1.5238,                0.99046,             0.00023741,             0.00023741,             0.00023741
                      2,                 1.6798,                 1.5259,                0.99165,                0.24728,                0.20795,                0.17125,                0.09474,                 1.6173,                 1.3822,                0.97104,             0.00038128,             0.00038128,             0.00038128
                      3,                 1.6347,                 1.4104,                0.97678,                0.27468,                0.23115,                0.19365,                0.10861,                 1.5751,                 1.3112,                0.95605,              0.0004309,              0.0004309,              0.0004309
                      4,                 1.5911,                 1.3436,                0.96854,                0.27083,                0.23545,                0.20609,                0.11579,                 1.5372,                 1.2813,                0.94942,             0.00028988,             0.00028988,             0.00028988
                      5,                 1.5731,                 1.3005,                0.96286,                0.31174,                0.24908,                0.22154,                0.12584,                 1.5234,                 1.2171,                0.94392,             0.00028988,             0.00028988,             0.00028988
